0.0,1.0,2.0,3.0,4.0,5.0,6.0,7.0,8.0,9.0,10.0,11.0,12.0,13.0,14.0,15.0,16.0,17.0,18.0,19.0,20.0,21.0,22.0,23.0,24.0,25.0,26.0,27.0,28.0,29.0,30.0,31.0,32.0,33.0,34.0,35.0,36.0,37.0,38.0,39.0,40.0,41.0,42.0,43.0,44.0,45.0,46.0,47.0,48.0,49.0,50.0,51.0,52.0,53.0,54.0,55.0,56.0,57.0,58.0,59.0,60.0,61.0,62.0,63.0,64.0,65.0,66.0,67.0,68.0,69.0,70.0,71.0,72.0,73.0,74.0,75.0,76.0,77.0,78.0,79.0,80.0,81.0,82.0,83.0,84.0,85.0,86.0,87.0,88.0,89.0,90.0,91.0,92.0,93.0,94.0,95.0,96.0,97.0,98.0,99.0,100.0,101.0,102.0,103.0,104.0,105.0,106.0,107.0,108.0,109.0,110.0,111.0,112.0,113.0,114.0,115.0,116.0,117.0,118.0,119.0,120.0,121.0,122.0,123.0,124.0,125.0,126.0,127.0,128.0,129.0,130.0,131.0,132.0,133.0,134.0,135.0,136.0,137.0,138.0,139.0,140.0,141.0,142.0,143.0
0.3824840180812759,0.26035963289749925,0.31688015822940435,0.3232898412527418,0.3824840180812759,0.307225073944982,0.3642983884705811,0.2475901268012794,0.3824840180812759,0.333333333287037,0.333333333287037,0.333333333287037,0.333333333287037,0.333333333287037,0.333333333287037,0.333333333287037,0.333333333287037,0.333333333287037,0.347866492197508,0.347866492197508,0.347866492197508,0.347866492197508,0.347866492197508,0.3401118618734272,0.2697336378625409,0.2924057238720016,0.347866492197508,0.33980356832695907,0.27616712210083727,0.33980356832695907,0.33980356832695907,0.33980356832695907,0.33980356832695907,0.33980356832695907,0.33980356832695907,0.33980356832695907,0.33810185082057953,0.33810185082057953,0.33810185082057953,0.33810185082057953,0.33810185082057953,0.33810185082057953,0.33810185082057953,0.2923988842109466,0.33810185082057953,0.333333333287037,0.333333333287037,0.333333333287037,0.333333333287037,0.333333333287037,0.333333333287037,0.333333333287037,0.333333333287037,0.333333333287037,0.3404229143134224,0.3404229143134224,0.3404229143134224,0.3404229143134224,0.26999613884855944,0.3404229143134224,0.3404229143134224,0.3404229143134224,0.3404229143134224,0.333333333287037,0.333333333287037,0.333333333287037,0.333333333287037,0.333333333287037,0.333333333287037,0.333333333287037,0.333333333287037,0.333333333287037,0.36037425621957975,0.36037425621957975,0.36037425621957975,0.36037425621957975,0.36037425621957975,0.27417720554293323,0.2518227027676524,0.2866959342786305,0.36037425621957975,0.33612561647441347,0.33612561647441347,0.31009121128324957,0.33612561647441347,0.33612561647441347,0.33612561647441347,0.33612561647441347,0.33612561647441347,0.33612561647441347,0.333333333287037,0.333333333287037,0.333333333287037,0.333333333287037,0.333333333287037,0.333333333287037,0.333333333287037,0.333333333287037,0.333333333287037,0.34898103875327113,0.34898103875327113,0.34898103875327113,0.3475862168730754,0.34898103875327113,0.2809554252705893,0.2636688796398684,0.34898103875327113,0.34898103875327113,0.4530767617553374,0.4530767617553374,0.4530767617553374,0.4530767617553374,0.2968413347184788,0.13286715904011362,0.11998612029744374,0.17360096039636452,0.16906616708431332,0.2948953147636141,0.20031644286391193,0.28474752833239936,0.39613063180370905,0.39613063180370905,0.39613063180370905,0.39613063180370905,0.32377960772028963,0.24355241032841574,0.29320893782817536,0.28550745562969787,0.3880127319288889,0.3880127319288889,0.3880127319288889,0.35608724664277847,0.23257166075101915,0.27259220713875776,0.354482940020368,0.39034626121685784,0.39034626121685784,0.39034626121685784,0.39034626121685784,0.39034626121685784,0.33596976869943523,0.22052219477652726,0.22765268290938023,0.15753575303508
0.333333333287037,0.333333333287037,0.333333333287037,0.333333333287037,0.333333333287037,0.333333333287037,0.333333333287037,0.333333333287037,0.333333333287037,0.333333333287037,0.333333333287037,0.333333333287037,0.333333333287037,0.333333333287037,0.333333333287037,0.333333333287037,0.333333333287037,0.333333333287037,0.3415582226961788,0.3415582226961788,0.3415582226961788,0.3415582226961788,0.2730215350240527,0.32988650272760145,0.3415582226961788,0.3415582226961788,0.3415582226961788,0.3554252151057185,0.3554252151057185,0.3554252151057185,0.3554252151057185,0.3554252151057185,0.31577084589004406,0.2550833792285542,0.27795456645598154,0.3554252151057185,0.34003461896774045,0.34003461896774045,0.31464566969043806,0.302709939678633,0.34003461896774045,0.34003461896774045,0.34003461896774045,0.34003461896774045,0.34003461896774045,0.333333333287037,0.333333333287037,0.333333333287037,0.333333333287037,0.333333333287037,0.333333333287037,0.333333333287037,0.333333333287037,0.333333333287037,0.33557070098382225,0.33557070098382225,0.33557070098382225,0.33557070098382225,0.33557070098382225,0.33557070098382225,0.33557070098382225,0.33557070098382225,0.3148625681917271,0.333333333287037,0.333333333287037,0.333333333287037,0.333333333287037,0.333333333287037,0.333333333287037,0.333333333287037,0.333333333287037,0.333333333287037,0.333333333287037,0.333333333287037,0.333333333287037,0.333333333287037,0.333333333287037,0.333333333287037,0.333333333287037,0.333333333287037,0.333333333287037,0.333333333287037,0.333333333287037,0.333333333287037,0.333333333287037,0.333333333287037,0.333333333287037,0.333333333287037,0.333333333287037,0.333333333287037,0.3113967203003006,0.3441478543868357,0.3441478543868357,0.3441478543868357,0.3441478543868357,0.3441478543868357,0.3441478543868357,0.3287621886415875,0.29038083878820103,0.2795955042304519,0.33287464031015074,0.34123849453496674,0.34123849453496674,0.34123849453496674,0.34123849453496674,0.34123849453496674,0.34123849453496674,0.3351992939229657,0.3663196572247069,0.3663196572247069,0.3663196572247069,0.2790704670730325,0.22420995406689054,0.2582808993211202,0.3663196572247069,0.3663196572247069,0.3663196572247069,0.33936142593006274,0.33936142593006274,0.33936142593006274,0.33936142593006274,0.33936142593006274,0.33936142593006274,0.33936142593006274,0.33936142593006274,0.2804827631741404,0.19720982413759275,0.16104087062347933,0.2121912078473984,0.3099362414423764,0.4215859823701366,0.4215859823701366,0.4215859823701366,0.4215859823701366,0.28835668578511753,0.17373456115578587,0.2229206826246799,0.32193571236774565,0.3953101814732037,0.3953101814732037,0.3953101814732037,0.3953101814732037,0.3953101814732037,0.18742830722135725
0.24395794096799647,0.27386592749697575,0.4234087508548006,0.4234087508548006,0.4234087508548006,0.4234087508548006,0.22736576328490782,0.23892300504173697,0.1990042775738656,0.29252863080211206,0.328174618853776,0.3760297226637425,0.3760297226637425,0.3760297226637425,0.3760297226637425,0.3760297226637425,0.2518503694179493,0.1905467111731699,0.33862734522744176,0.33862734522744176,0.33862734522744176,0.33862734522744176,0.33862734522744176,0.33862734522744176,0.32083547760022896,0.3072218147786168,0.33862734522744176,0.35545824310912916,0.36914227872841304,0.36914227872841304,0.36914227872841304,0.36914227872841304,0.36914227872841304,0.32454570702752,0.23360531049680455,0.1800499105769779,0.333333333287037,0.333333333287037,0.333333333287037,0.333333333287037,0.333333333287037,0.333333333287037,0.333333333287037,0.333333333287037,0.333333333287037,0.2991671455875072,0.3123940124578461,0.34373417053076427,0.34373417053076427,0.34373417053076427,0.34373417053076427,0.34373417053076427,0.34373417053076427,0.3224746807786498,0.2464182425784028,0.3248332519507179,0.3737842419099165,0.3737842419099165,0.3737842419099165,0.3737842419099165,0.3737842419099165,0.2992268009762491,0.2136619570234052,0.333333333287037,0.333333333287037,0.333333333287037,0.333333333287037,0.333333333287037,0.333333333287037,0.333333333287037,0.333333333287037,0.333333333287037,0.333333333287037,0.333333333287037,0.333333333287037,0.333333333287037,0.333333333287037,0.333333333287037,0.333333333287037,0.333333333287037,0.333333333287037,0.24577024080850104,0.2639575926470513,0.37180127519763656,0.37180127519763656,0.37180127519763656,0.37180127519763656,0.37180127519763656,0.3570326340574607,0.22642909419145293,0.23526758872120893,0.38463393763340326,0.412290807843736,0.412290807843736,0.412290807843736,0.412290807843736,0.23894448676250837,0.19268032782073105,0.15016949716872338,0.333333333287037,0.333333333287037,0.333333333287037,0.333333333287037,0.333333333287037,0.333333333287037,0.333333333287037,0.333333333287037,0.333333333287037,0.333333333287037,0.333333333287037,0.333333333287037,0.333333333287037,0.333333333287037,0.333333333287037,0.333333333287037,0.333333333287037,0.333333333287037,0.333333333287037,0.333333333287037,0.333333333287037,0.333333333287037,0.333333333287037,0.333333333287037,0.333333333287037,0.333333333287037,0.333333333287037,0.3389598767188714,0.3389598767188714,0.3389598767188714,0.3389598767188714,0.3389598767188714,0.3389598767188714,0.3389598767188714,0.33721146045901806,0.28641201872643873,0.333333333287037,0.333333333287037,0.333333333287037,0.333333333287037,0.333333333287037,0.333333333287037,0.333333333287037,0.333333333287037,0.333333333287037
0.4990750900176624,0.3731233823662922,0.22090806461801266,0.26758158652880837,0.31297995023716085,0.24425781026061905,0.2015021308863558,0.2097744875300888,0.4990750900176624,0.333333333287037,0.333333333287037,0.333333333287037,0.333333333287037,0.333333333287037,0.333333333287037,0.333333333287037,0.333333333287037,0.333333333287037,0.3407633133782698,0.3407633133782698,0.3407633133782698,0.3407633133782698,0.26653876594860476,0.3407633133782698,0.3407633133782698,0.3407633133782698,0.3407633133782698,0.39453396737975865,0.39453396737975865,0.39453396737975865,0.39453396737975865,0.39453396737975865,0.21380696649408967,0.1875988123722999,0.2268521401862936,0.29890820613825736,0.333333333287037,0.333333333287037,0.333333333287037,0.333333333287037,0.333333333287037,0.333333333287037,0.333333333287037,0.333333333287037,0.333333333287037,0.333333333287037,0.333333333287037,0.333333333287037,0.333333333287037,0.333333333287037,0.333333333287037,0.333333333287037,0.333333333287037,0.333333333287037,0.3341324901908185,0.3341324901908185,0.3341324901908185,0.3341324901908185,0.3314992031555475,0.3295400294657755,0.3341324901908185,0.3341324901908185,0.3341324901908185,0.333333333287037,0.333333333287037,0.333333333287037,0.333333333287037,0.333333333287037,0.333333333287037,0.333333333287037,0.333333333287037,0.333333333287037,0.3488789122210532,0.3488789122210532,0.3488789122210532,0.2649158559184942,0.27893390118603856,0.3488789122210532,0.3488789122210532,0.3488789122210532,0.3488789122210532,0.333333333287037,0.333333333287037,0.333333333287037,0.333333333287037,0.333333333287037,0.333333333287037,0.333333333287037,0.333333333287037,0.333333333287037,0.3395371108739002,0.3395371108739002,0.3395371108739002,0.33072514119994445,0.28917595520011086,0.3395371108739002,0.3395371108739002,0.3395371108739002,0.3395371108739002,0.25237881531206,0.21035363784052494,0.19962483244252827,0.30009079870862587,0.3904232879966496,0.3904232879966496,0.3904232879966496,0.3904232879966496,0.3904232879966496,0.42711631044136045,0.3530344679352544,0.21282238364527298,0.15715235408084316,0.19365639557991177,0.1953465241329591,0.42711631044136045,0.42711631044136045,0.42711631044136045,0.34570913704284073,0.34570913704284073,0.34570913704284073,0.34570913704284073,0.34570913704284073,0.34570913704284073,0.34570913704284073,0.29062546138600814,0.2809505096116455,0.3495209003049296,0.3495209003049296,0.3495209003049296,0.3495209003049296,0.3495209003049296,0.3495209003049296,0.3495209003049296,0.29579154560687776,0.2394855799256034,0.4130662395516437,0.4130662395516437,0.4130662395516437,0.3710690969217446,0.15425637710257917,0.1606843376864516,0.2921830022014129,0.36826951780918193,0.2825398013266961
0.26692192714961827,0.17510279873143014,0.3760630958288549,0.3760630958288549,0.3760630958288549,0.3760630958288549,0.3760630958288549,0.3760630958288549,0.22260049879391644,0.362849132656922,0.2267296627356206,0.362849132656922,0.362849132656922,0.362849132656922,0.362849132656922,0.362849132656922,0.362849132656922,0.16424739942379285,0.333333333287037,0.333333333287037,0.333333333287037,0.333333333287037,0.333333333287037,0.333333333287037,0.333333333287037,0.333333333287037,0.333333333287037,0.35122991714901747,0.35505263205604815,0.35505263205604815,0.35505263205604815,0.35505263205604815,0.35505263205604815,0.35505263205604815,0.2750129255104729,0.21126099168314122,0.3682639291809995,0.35525159787766947,0.3682639291809995,0.3682639291809995,0.3682639291809995,0.3682639291809995,0.3682639291809995,0.20084561604607026,0.14052548226717448,0.20183867337034117,0.3042518060768,0.393009460805086,0.393009460805086,0.393009460805086,0.393009460805086,0.393009460805086,0.2704076417783722,0.14590926598849815,0.333333333287037,0.333333333287037,0.333333333287037,0.333333333287037,0.333333333287037,0.333333333287037,0.333333333287037,0.333333333287037,0.333333333287037,0.33392619532575024,0.33392619532575024,0.33392619532575024,0.33392619532575024,0.33392619532575024,0.33392619532575024,0.33392619532575024,0.33392619532575024,0.3285519263729618,0.3527597928491266,0.3527597928491266,0.3527597928491266,0.3527597928491266,0.3527597928491266,0.3527597928491266,0.3255576730398416,0.295005495818016,0.24565652839930635,0.3325196728630213,0.33562773843720634,0.33754778419920856,0.33754778419920856,0.33754778419920856,0.33754778419920856,0.33754778419920856,0.33754778419920856,0.30521082608416134,0.333333333287037,0.333333333287037,0.333333333287037,0.333333333287037,0.333333333287037,0.333333333287037,0.333333333287037,0.333333333287037,0.333333333287037,0.3370591486532251,0.3370591486532251,0.3370591486532251,0.3370591486532251,0.3370591486532251,0.3370591486532251,0.3370591486532251,0.3018758721549015,0.3370591486532251,0.333333333287037,0.333333333287037,0.333333333287037,0.333333333287037,0.333333333287037,0.333333333287037,0.333333333287037,0.333333333287037,0.333333333287037,0.333333333287037,0.333333333287037,0.333333333287037,0.333333333287037,0.333333333287037,0.333333333287037,0.333333333287037,0.333333333287037,0.333333333287037,0.3249311402071016,0.332241829684904,0.34042796840863837,0.34042796840863837,0.34042796840863837,0.34042796840863837,0.34042796840863837,0.34042796840863837,0.29780515508065797,0.333333333287037,0.333333333287037,0.333333333287037,0.333333333287037,0.333333333287037,0.333333333287037,0.333333333287037,0.333333333287037,0.333333333287037
0.333333333287037,0.333333333287037,0.333333333287037,0.333333333287037,0.333333333287037,0.333333333287037,0.333333333287037,0.333333333287037,0.333333333287037,0.3865224700635707,0.3865224700635707,0.3865224700635707,0.3865224700635707,0.3865224700635707,0.2131002948759662,0.16636865529579303,0.17467688828543765,0.3865224700635707,0.32240181388339023,0.18691286467683677,0.1897633609959067,0.3411655842518205,0.38399463728567745,0.38399463728567745,0.38399463728567745,0.38399463728567745,0.3448318954844282,0.5674190221846265,0.15318009880065703,0.12579614766993938,0.10200293771448062,0.2882328189469909,0.15973733856427844,0.265353046396079,0.5674190221846265,0.3568914099557541,0.45542514962602876,0.45542514962602876,0.21532837805822863,0.1429868769627981,0.26588372460348336,0.20802864024622847,0.21359758272886303,0.3890478683217614,0.45542514962602876,0.3548136621302231,0.3548136621302231,0.33974043963915074,0.31925863803138477,0.29622760161044925,0.25580439651075176,0.3548136621302231,0.3548136621302231,0.3548136621302231,0.342717738974921,0.342717738974921,0.342717738974921,0.2754135828877141,0.342717738974921,0.3193105350763405,0.342717738974921,0.342717738974921,0.342717738974921,0.4547474488470209,0.19650960655509553,0.14503454292547205,0.12183308242703624,0.17859421019993788,0.2577378407430009,0.4547474488470209,0.4547474488470209,0.4547474488470209,0.47527511458848026,0.41598158826674164,0.14711876856013284,0.11497611941962227,0.2564550326812256,0.10221279951791068,0.19549919116155282,0.47527511458848026,0.47527511458848026,0.3878668142427408,0.3878668142427408,0.3573915835109083,0.27344001904571713,0.19177542626135766,0.27280754491904663,0.2907531231096367,0.3878668142427408,0.3878668142427408,0.45656347082707904,0.45656347082707904,0.32698617236840644,0.1962518436069811,0.1400886664890321,0.15370510233578613,0.2145764791261906,0.3740608097644884,0.45656347082707904,0.4620178444375742,0.4620178444375742,0.22974421545029403,0.1169837175564631,0.09311190236632023,0.12748949460090403,0.23402361600767577,0.4620178444375742,0.4620178444375742,0.3419754631362592,0.25803899906792904,0.33879987154194796,0.3419754631362592,0.3419754631362592,0.3419754631362592,0.3419754631362592,0.3419754631362592,0.3419754631362592,0.333333333287037,0.333333333287037,0.333333333287037,0.333333333287037,0.333333333287037,0.333333333287037,0.333333333287037,0.333333333287037,0.333333333287037,0.40556338244125684,0.40556338244125684,0.40556338244125684,0.29807425117195674,0.20789379068210512,0.175887404512742,0.20637609816535013,0.36942903310912417,0.40556338244125684,0.3432341344845776,0.3432341344845776,0.3432341344845776,0.3432341344845776,0.3048416898661491,0.28706070141589685,0.3432341344845776,0.3432341344845776,0.3432341344845776
0.333333333287037,0.333333333287037,0.333333333287037,0.333333333287037,0.333333333287037,0.333333333287037,0.333333333287037,0.333333333287037,0.333333333287037,0.3373663777769841,0.3373663777769841,0.3373663777769841,0.3373663777769841,0.3373663777769841,0.3373663777769841,0.3167992376456735,0.32082040577563137,0.3373663777769841,0.34793155066390064,0.28787958900524185,0.2742938196370629,0.34793155066390064,0.34793155066390064,0.34793155066390064,0.34793155066390064,0.34793155066390064,0.3399265490604168,0.34100242606341274,0.34100242606341274,0.3180164598049714,0.2913536492554594,0.34100242606341274,0.34100242606341274,0.34100242606341274,0.34100242606341274,0.34100242606341274,0.369868440779207,0.369868440779207,0.369868440779207,0.27187887754667395,0.22728138594409625,0.23153631745070596,0.369868440779207,0.369868440779207,0.369868440779207,0.333333333287037,0.333333333287037,0.333333333287037,0.333333333287037,0.333333333287037,0.333333333287037,0.333333333287037,0.333333333287037,0.333333333287037,0.33351544604180566,0.33351544604180566,0.3318728336791094,0.33351544604180566,0.33351544604180566,0.33351544604180566,0.33351544604180566,0.33351544604180566,0.33351544604180566,0.3634281151702692,0.3634281151702692,0.3634281151702692,0.3634281151702692,0.21153745751910172,0.21402220898128627,0.3420035503056043,0.3634281151702692,0.3634281151702692,0.33512564319675714,0.33512564319675714,0.33512564319675714,0.33512564319675714,0.33512564319675714,0.31863211686034665,0.33512564319675714,0.33512564319675714,0.33512564319675714,0.3337209341873238,0.3337209341873238,0.3302161480041442,0.3337209341873238,0.3337209341873238,0.3337209341873238,0.3337209341873238,0.3337209341873238,0.3337209341873238,0.333333333287037,0.333333333287037,0.333333333287037,0.333333333287037,0.333333333287037,0.333333333287037,0.333333333287037,0.333333333287037,0.333333333287037,0.333333333287037,0.333333333287037,0.333333333287037,0.333333333287037,0.333333333287037,0.333333333287037,0.333333333287037,0.333333333287037,0.333333333287037,0.333333333287037,0.333333333287037,0.333333333287037,0.333333333287037,0.333333333287037,0.333333333287037,0.333333333287037,0.333333333287037,0.333333333287037,0.333333333287037,0.333333333287037,0.333333333287037,0.333333333287037,0.333333333287037,0.333333333287037,0.333333333287037,0.333333333287037,0.333333333287037,0.333333333287037,0.333333333287037,0.333333333287037,0.333333333287037,0.333333333287037,0.333333333287037,0.333333333287037,0.333333333287037,0.333333333287037,0.333333333287037,0.333333333287037,0.333333333287037,0.333333333287037,0.333333333287037,0.333333333287037,0.333333333287037,0.333333333287037,0.333333333287037
0.3465426931833777,0.3465426931833777,0.3465426931833777,0.3465426931833777,0.3465426931833777,0.3465426931833777,0.342957081417436,0.31864607024555724,0.24554855472947867,0.333333333287037,0.333333333287037,0.333333333287037,0.333333333287037,0.333333333287037,0.333333333287037,0.333333333287037,0.333333333287037,0.333333333287037,0.3482876784208796,0.3298272627054847,0.2214747095834226,0.3381376758792915,0.3482876784208796,0.3482876784208796,0.3482876784208796,0.3482876784208796,0.3482876784208796,0.3871229446791976,0.3871229446791976,0.32438191665165783,0.3177321887145618,0.3871229446791976,0.23984359297788643,0.23308693723674417,0.28724808343672237,0.3871229446791976,0.333333333287037,0.333333333287037,0.333333333287037,0.333333333287037,0.333333333287037,0.333333333287037,0.333333333287037,0.333333333287037,0.333333333287037,0.333333333287037,0.333333333287037,0.333333333287037,0.333333333287037,0.333333333287037,0.333333333287037,0.333333333287037,0.333333333287037,0.333333333287037,0.3525526526187563,0.3525526526187563,0.3525526526187563,0.3228978587624017,0.22254799733185343,0.31693709812575593,0.3525526526187563,0.3525526526187563,0.3525526526187563,0.3499410271551646,0.3499410271551646,0.3499410271551646,0.3499410271551646,0.3499410271551646,0.2886718715746867,0.25571423009413585,0.3413597045116983,0.3499410271551646,0.333333333287037,0.333333333287037,0.333333333287037,0.333333333287037,0.333333333287037,0.333333333287037,0.333333333287037,0.333333333287037,0.333333333287037,0.333333333287037,0.333333333287037,0.333333333287037,0.333333333287037,0.333333333287037,0.333333333287037,0.333333333287037,0.333333333287037,0.333333333287037,0.3344889689201111,0.3344889689201111,0.3344889689201111,0.3344889689201111,0.32631443027226825,0.332172846590001,0.3344889689201111,0.3344889689201111,0.3344889689201111,0.333333333287037,0.333333333287037,0.333333333287037,0.333333333287037,0.333333333287037,0.333333333287037,0.333333333287037,0.333333333287037,0.333333333287037,0.333333333287037,0.333333333287037,0.333333333287037,0.333333333287037,0.333333333287037,0.333333333287037,0.333333333287037,0.333333333287037,0.333333333287037,0.36636326388926804,0.36636326388926804,0.36636326388926804,0.28651992431857104,0.20866497703646295,0.2627413428178222,0.36636326388926804,0.36636326388926804,0.36636326388926804,0.37295516430556147,0.37295516430556147,0.37295516430556147,0.28804705635297534,0.24881636483761077,0.25926461568411857,0.3040121637547885,0.37295516430556147,0.37295516430556147,0.3507330219330719,0.3507330219330719,0.31142102392074417,0.2963201983664941,0.2777217484224712,0.3507330219330719,0.3507330219330719,0.3507330219330719,0.3507330219330719
0.2969714788500694,0.34423219927923443,0.34423219927923443,0.34423219927923443,0.34423219927923443,0.34423219927923443,0.3053996236745694,0.34423219927923443,0.32796976718759213,0.231193220327665,0.3381263206895742,0.38229706390587265,0.38229706390587265,0.38229706390587265,0.38229706390587265,0.38229706390587265,0.2735589827815552,0.16318867408721557,0.18731637547663546,0.3224920695148134,0.38604114779173626,0.38604114779173626,0.38604114779173626,0.38604114779173626,0.38604114779173626,0.30595138489417706,0.14888368394592102,0.22149638845427508,0.3612795875366258,0.3612795875366258,0.3612795875366258,0.3612795875366258,0.3612795875366258,0.3612795875366258,0.3612795875366258,0.19307710113051765,0.24734221057245345,0.3330685435999508,0.38684192500830755,0.38684192500830755,0.38684192500830755,0.38684192500830755,0.38684192500830755,0.22765159915668623,0.1668189151144467,0.333333333287037,0.333333333287037,0.333333333287037,0.333333333287037,0.333333333287037,0.333333333287037,0.333333333287037,0.333333333287037,0.333333333287037,0.3445781899028574,0.35384140549012716,0.35384140549012716,0.35384140549012716,0.35384140549012716,0.35384140549012716,0.35384140549012716,0.2950549165667176,0.2073307152949044,0.333333333287037,0.333333333287037,0.333333333287037,0.333333333287037,0.333333333287037,0.333333333287037,0.333333333287037,0.333333333287037,0.333333333287037,0.35256678511938544,0.35256678511938544,0.35256678511938544,0.35256678511938544,0.35256678511938544,0.35256678511938544,0.35256678511938544,0.26733615664712823,0.24167749844048658,0.20973878710912558,0.23250928731031534,0.3433910149981577,0.3868088297670157,0.3868088297670157,0.3868088297670157,0.3868088297670157,0.3868088297670157,0.18954242008659636,0.10744184258541112,0.23027286025299995,0.4219496108042512,0.4219496108042512,0.4219496108042512,0.4219496108042512,0.40787140050450205,0.20693562202469445,0.11867321771976586,0.1742891381507188,0.20222663618703918,0.3469689363818198,0.42983396347645814,0.42983396347645814,0.42983396347645814,0.42983396347645814,0.23451160719345407,0.11964782540167057,0.3391548491971111,0.3391548491971111,0.3391548491971111,0.3391548491971111,0.3391548491971111,0.3391548491971111,0.3351995191737921,0.31420280973226,0.3142639114040233,0.33338893486976234,0.33338893486976234,0.33338893486976234,0.33338893486976234,0.33288818629289396,0.33338893486976234,0.33338893486976234,0.33338893486976234,0.33338893486976234,0.333333333287037,0.333333333287037,0.333333333287037,0.333333333287037,0.333333333287037,0.333333333287037,0.333333333287037,0.333333333287037,0.333333333287037,0.333333333287037,0.333333333287037,0.333333333287037,0.333333333287037,0.333333333287037,0.333333333287037,0.333333333287037,0.333333333287037,0.333333333287037
0.359315978698709,0.359315978698709,0.359315978698709,0.3469933285986507,0.251679823745437,0.20397318602075581,0.359315978698709,0.359315978698709,0.359315978698709,0.3344104635049023,0.3344104635049023,0.3344104635049023,0.3344104635049023,0.3344104635049023,0.3344104635049023,0.32458763825493336,0.3344104635049023,0.3344104635049023,0.333333333287037,0.333333333287037,0.333333333287037,0.333333333287037,0.333333333287037,0.333333333287037,0.333333333287037,0.333333333287037,0.333333333287037,0.333333333287037,0.333333333287037,0.333333333287037,0.333333333287037,0.333333333287037,0.333333333287037,0.333333333287037,0.333333333287037,0.333333333287037,0.3410943345675518,0.3410943345675518,0.3410943345675518,0.32971380838039444,0.30148607963652146,0.3198794735730136,0.3410943345675518,0.3410943345675518,0.3410943345675518,0.34112408889208723,0.34112408889208723,0.34112408889208723,0.34112408889208723,0.2995551829950424,0.30936577686081634,0.34112408889208723,0.34112408889208723,0.34112408889208723,0.333333333287037,0.333333333287037,0.333333333287037,0.333333333287037,0.333333333287037,0.333333333287037,0.333333333287037,0.333333333287037,0.333333333287037,0.3456593019706184,0.3456593019706184,0.3456593019706184,0.3456593019706184,0.34395763903443055,0.2415551837614733,0.32628533098536505,0.3456593019706184,0.3456593019706184,0.33411633299963167,0.33411633299963167,0.33411633299963167,0.33411633299963167,0.327001846942719,0.33411633299963167,0.33411633299963167,0.33411633299963167,0.33411633299963167,0.34348035626836965,0.34348035626836965,0.34348035626836965,0.3094907315978556,0.2799360654941666,0.34348035626836965,0.34348035626836965,0.34348035626836965,0.34348035626836965,0.37877401476720735,0.37877401476720735,0.37877401476720735,0.22512890989540268,0.18983795103953605,0.2359503509252787,0.37450926089969877,0.37877401476720735,0.37877401476720735,0.353245996537311,0.353245996537311,0.353245996537311,0.353245996537311,0.2559113150121399,0.24704303278849032,0.353245996537311,0.353245996537311,0.353245996537311,0.364185100489601,0.364185100489601,0.364185100489601,0.3568678701099024,0.3218178526723455,0.217459998221064,0.2421483114407285,0.364185100489601,0.364185100489601,0.333333333287037,0.333333333287037,0.333333333287037,0.333333333287037,0.333333333287037,0.333333333287037,0.333333333287037,0.333333333287037,0.333333333287037,0.333333333287037,0.333333333287037,0.333333333287037,0.333333333287037,0.333333333287037,0.333333333287037,0.333333333287037,0.333333333287037,0.333333333287037,0.3510933388098258,0.3510933388098258,0.3510933388098258,0.3341909164663522,0.2301258286897429,0.3094500584477013,0.3510933388098258,0.3510933388098258,0.3510933388098258
0.4226903985142049,0.14512654430128372,0.122122776366994,0.10561795964746312,0.398178853369371,0.28223052373881696,0.4226903985142049,0.4226903985142049,0.4226903985142049,0.4299602835327427,0.1787082908586386,0.1412121527158539,0.14264415226065927,0.255970863022399,0.35041497640476815,0.4299602835327427,0.4299602835327427,0.4299602835327427,0.3705614812529314,0.24291391363308246,0.21152357718748685,0.31650562021520623,0.3705614812529314,0.33090140819333685,0.3705614812529314,0.3705614812529314,0.3705614812529314,0.5330150093433436,0.1203784243910776,0.11590412899738789,0.13455402200611655,0.19852285161506017,0.15860133632936554,0.19258705880589141,0.5330150093433436,0.5330150093433436,0.34339155163321416,0.3352148682304919,0.34339155163321416,0.34339155163321416,0.34339155163321416,0.34339155163321416,0.34339155163321416,0.3428276774272241,0.2501871879490959,0.28388409060190717,0.3487587032967461,0.3487587032967461,0.3487587032967461,0.3487587032967461,0.3487587032967461,0.3487587032967461,0.3487587032967461,0.26073241248922663,0.3374450566451117,0.3374450566451117,0.3374450566451117,0.3374450566451117,0.3374450566451117,0.3374450566451117,0.3374450566451117,0.33559014887340827,0.3004914107173319,0.16217644248072216,0.19147841912602012,0.39140672512724495,0.39140672512724495,0.39140672512724495,0.39140672512724495,0.39140672512724495,0.21120752353162756,0.35557007151862846,0.346841420533207,0.19392841906051014,0.346841420533207,0.346841420533207,0.346841420533207,0.346841420533207,0.346841420533207,0.346841420533207,0.346841420533207,0.14939963790164654,0.14695893448467903,0.28444854303313954,0.4166883664829728,0.4166883664829728,0.4166883664829728,0.4166883664829728,0.3562035018388174,0.23189250080803966,0.22867460102597073,0.23462225550791407,0.32866347567338927,0.3813789570345673,0.3813789570345673,0.3813789570345673,0.3813789570345673,0.3813789570345673,0.23956439450966643,0.2333490724323497,0.3204375654320233,0.36488285337235243,0.36488285337235243,0.36488285337235243,0.36488285337235243,0.36488285337235243,0.36488285337235243,0.20983564189911394,0.5048952343676324,0.16843245745155258,0.3688581156964903,0.5048952343676324,0.44450847062690885,0.1219129684322101,0.10005181495447138,0.14658778434695496,0.2859840995992868,0.3158485416272535,0.23971874641280377,0.36578457790768204,0.36578457790768204,0.36578457790768204,0.36578457790768204,0.36578457790768204,0.36578457790768204,0.19996118729670587,0.16710199821680372,0.17912557107639793,0.3836924622615357,0.4199566461128785,0.4199566461128785,0.4199566461128785,0.4199566461128785,0.27221049807208203,0.11497022320199322,0.13219047306221518,0.14995547477486,0.2640560401273216,0.4328822401881101,0.4328822401881101,0.4328822401881101,0.4328822401881101,0.34341163271700903,0.15110842681325218
0.4633392659960229,0.05676069429356354,0.2523324142069728,0.16765150089631872,0.4633392659960229,0.4633392659960229,0.4633392659960229,0.2011213369047531,0.07626700611016732,0.5451586641583205,0.26742135246153853,0.18942250195359933,0.10640197719033738,0.5451586641583205,0.15595737476588245,0.48366268822838443,0.15462138998725747,0.06875713290080057,0.6141239975877989,0.05103850257251209,0.33008232953546457,0.2637191983871833,0.6141239975877989,0.14935967651242263,0.15678532310647747,0.10138700010039206,0.08618043465575496,0.582109682242285,0.12131032238318085,0.2619818663015711,0.19947590190655193,0.6130513705682861,0.1957539186826177,0.24190594272973745,0.18398821032136076,0.17744087063225603,0.3699365424218189,0.3699365424218189,0.3699365424218189,0.3699365424218189,0.3699365424218189,0.17172719436834136,0.21560640625702726,0.32078867723021864,0.3699365424218189,0.27164158934508514,0.11515353496684708,0.19060225464662875,0.4198993670948254,0.8110085448753103,0.18040159260392186,0.07885317626124067,0.038249294011761255,0.04842916829433304,0.09144302080848767,0.1106094211741005,0.23203526085929557,0.44018613508032634,0.7128796667891598,0.41621902729879195,0.1951903224338629,0.0998553852150041,0.04789023792184314,0.0932188010899621,0.15864267534002632,0.2168955718769297,0.5702725505282078,0.6684540152092274,0.35026253857402795,0.13764985950438952,0.05316648966063782,0.050985377897894514,0.16740848100077074,0.1785203175951307,0.38410296007867756,0.38448751715869955,0.38448751715869955,0.38448751715869955,0.38448751715869955,0.38448751715869955,0.2311202244063963,0.2775649838899556,0.338699228212523,0.3631701540297304,0.3631701540297304,0.3631701540297304,0.3631701540297304,0.3631701540297304,0.3252057248592674,0.20741008853367363,0.24286676784965675,0.27808367620722524,0.3741852775828343,0.3741852775828343,0.3741852775828343,0.3741852775828343,0.3741852775828343,0.34645452448252156,0.2087614773328046,0.2309314017535552,0.25708260258918336,0.39365133465153773,0.39365133465153773,0.39365133465153773,0.39365133465153773,0.39365133465153773,0.2750790979724174,0.17350460004479204,0.3088927363233021,0.33513105130349435,0.455942197811967,0.455942197811967,0.455942197811967,0.29814550215905444,0.1980129757766264,0.17722281563117634,0.09547139219974336,0.34079701808344426,0.19227314363999318,0.36619224948504137,0.398794741223482,0.398794741223482,0.398794741223482,0.398794741223482,0.2352274659702152,0.1459819285491678,0.1648863277323128,0.14871349758111457,0.2862853968102621,0.45165161313056784,0.45165161313056784,0.45165161313056784,0.45165161313056784,0.17740651393333043,0.14597148991364212,0.2440343249951972,0.3876176164155966,0.3876176164155966,0.3876176164155966,0.3876176164155966,0.3876176164155966,0.3876176164155966,0.1641121595332105,0.10968111782624239
0.3251637973053972,0.2202091655053754,0.18997050594771084,0.3502521900413827,0.379602426831332,0.379602426831332,0.33259439021931,0.379602426831332,0.379602426831332,0.3974568832495648,0.18869381569966198,0.17271721635168155,0.2579738451986457,0.3974568832495648,0.3974568832495648,0.2795586372813987,0.3974568832495648,0.3974568832495648,0.5467220052994314,0.10466322455273042,0.10510152035442703,0.16366259498991506,0.5467220052994314,0.13250292024684002,0.16595251874704603,0.0969624592870539,0.5467220052994314,0.4297478372914781,0.11172614986210397,0.4297478372914781,0.35358522024941935,0.4297478372914781,0.1893479202661123,0.2558505235584465,0.1498326368165768,0.4297478372914781,0.1961520330153476,0.0273596642800385,0.09845181547504274,0.541132559618863,0.7762915192132102,0.2148367857251071,0.0884695823517644,0.030422948502844105,0.026885499022934797,0.4055346688665929,0.3663505410268229,0.18627689869196007,0.38402362053132755,0.4055346688665929,0.25609244173075124,0.23493418284856463,0.26355558166233534,0.4055346688665929,0.485738042303509,0.1016988270216004,0.15971263094673352,0.485738042303509,0.485738042303509,0.0980140401464002,0.06674656529833896,0.07950839264078852,0.485738042303509,0.47276661592458824,0.08297466149904938,0.1564573423689662,0.16784816409528064,0.47276661592458824,0.47276661592458824,0.47276661592458824,0.18884686665642503,0.10376447967360096,0.20654745959205104,0.08456689354982888,0.38109587245820514,0.5719285963194853,0.5719285963194853,0.25520678575964806,0.23347183537064833,0.16262982870909318,0.06826288492257586,0.342320114316668,0.342320114316668,0.342320114316668,0.342320114316668,0.342320114316668,0.342320114316668,0.31767196195997144,0.2807188978873851,0.342320114316668,0.0925907527221494,0.09301224796365734,0.14638989907583536,0.38636323890218355,0.5690919899869151,0.5690919899869151,0.3732513532045525,0.14556142230378893,0.061911485496181196,0.13283067747150926,0.21762219399002872,0.43499123736534806,0.43499123736534806,0.43499123736534806,0.3420611548190896,0.3984825422102557,0.2755815006174943,0.12492048676404365,0.47472738926127483,0.11037028109621438,0.47472738926127483,0.47472738926127483,0.47472738926127483,0.19159307182378238,0.21337516161661343,0.06043543209733678,0.02155731452297773,0.388232813867301,0.13055322735216,0.2075428264169343,0.40110369330193185,0.40110369330193185,0.2176412203856564,0.313452899065416,0.40110369330193185,0.40110369330193185,0.21451274515169624,0.09337142193570958,0.20285367265080878,0.4376129433819041,0.4376129433819041,0.35824337883564905,0.4376129433819041,0.4376129433819041,0.09878145274000641,0.1313951616248648,0.0983143360499255,0.173782093491991,0.4655739780754899,0.4655739780754899,0.3732480298826167,0.4655739780754899,0.374732026224711,0.11337466999042702
0.3436522904778159,0.3436522904778159,0.3436522904778159,0.3436522904778159,0.32906703135894244,0.30589438033601324,0.29926933714017845,0.3436522904778159,0.3436522904778159,0.333333333287037,0.333333333287037,0.333333333287037,0.333333333287037,0.333333333287037,0.333333333287037,0.333333333287037,0.333333333287037,0.333333333287037,0.3427329367228047,0.3427329367228047,0.3427329367228047,0.3427329367228047,0.2686809719591547,0.3248837847768843,0.3427329367228047,0.3427329367228047,0.3427329367228047,0.333333333287037,0.333333333287037,0.333333333287037,0.333333333287037,0.333333333287037,0.333333333287037,0.333333333287037,0.333333333287037,0.333333333287037,0.33597780431003416,0.33597780431003416,0.33597780431003416,0.33597780431003416,0.33597780431003416,0.31137006889851254,0.33597780431003416,0.33597780431003416,0.33597780431003416,0.33593976510297885,0.33593976510297885,0.33593976510297885,0.33593976510297885,0.33593976510297885,0.33593976510297885,0.31943915775829707,0.32858780221794415,0.33593976510297885,0.333333333287037,0.333333333287037,0.333333333287037,0.333333333287037,0.333333333287037,0.333333333287037,0.333333333287037,0.333333333287037,0.333333333287037,0.3440202283751009,0.3440202283751009,0.3440202283751009,0.3440202283751009,0.3440202283751009,0.32329204223444685,0.2589069956822518,0.3440202283751009,0.3440202283751009,0.3589613661863729,0.3589613661863729,0.3589613661863729,0.3589613661863729,0.3589613661863729,0.24227296154810257,0.28804219229645456,0.29191768146398156,0.3589613661863729,0.3490693053257227,0.3490693053257227,0.3490693053257227,0.3490693053257227,0.2920729782791848,0.2484908763122393,0.3490693053257227,0.3490693053257227,0.3490693053257227,0.37485836060815536,0.37485836060815536,0.37485836060815536,0.37485836060815536,0.37485836060815536,0.21900267702236306,0.18584391850989979,0.2774926910291878,0.371353899797535,0.333333333287037,0.333333333287037,0.333333333287037,0.333333333287037,0.333333333287037,0.333333333287037,0.333333333287037,0.333333333287037,0.333333333287037,0.3523617812201169,0.3523617812201169,0.3523617812201169,0.3523617812201169,0.3523617812201169,0.3523617812201169,0.3523617812201169,0.275726877953568,0.23422833819007982,0.333333333287037,0.333333333287037,0.333333333287037,0.333333333287037,0.333333333287037,0.333333333287037,0.333333333287037,0.333333333287037,0.333333333287037,0.3355688512332509,0.3355688512332509,0.3355688512332509,0.3355688512332509,0.32827163636377316,0.32247876682272997,0.3355688512332509,0.3355688512332509,0.3355688512332509,0.3674920204404756,0.3674920204404756,0.3674920204404756,0.3674920204404756,0.3674920204404756,0.26534697420105274,0.21762195688644234,0.2793280632206979,0.35910384916607946
